{
  /* "AasxToLoad": "..\\..\\..\\..\\AasxGenerate\\bin\\Debug\\sample.aasx", */
  /* "AasxToLoad": "sample-hsu.aasx", */
  /* "AasxToLoad": "MTPsample.aasx", */
  "WindowLeft": -1,
  "WindowTop": -1,
  "WindowWidth": 900,
  "WindowHeight": 600,
  "WindowMaximized": false,
  "TemplateIdAas": "www.company.com/ids/aas/DDDD_DDDD_DDDD_DDDD",
  "TemplateIdAsset": "www.company.com/ids/asset/DDDD_DDDD_DDDD_DDDD",
  "TemplateIdSubmodelInstance": "www.company.com/ids/sm/DDDD_DDDD_DDDD_DDDD",
  "TemplateIdSubmodelTemplate": "www.company.com/ids/sm/DDDD_DDDD_DDDD_DDDD",
  "TemplateIdConceptDescription": "www.company.com/ids/cd/DDDD_DDDD_DDDD_DDDD",
  "EclassDir": ".\\eclass\\",
  "LogoFile": "SpecPI40_t.png",
  "QualifiersFile": "qualifier-presets.json",
  "AasxRepositoryFn": "..\\..\\..\\..\\..\\Sample_AAS\\aasxrepo-new.json",
  "ContentHome": "https://github.com/admin-shell/io/blob/master/README.md",
  "UseFlyovers": true,
  "SplashTime": 1000,
  "InternalBrowser": true,
  "EclassTwoPass": true,
  "BackupDir": ".\\backup",
  "BackupFiles": 10,
  "RestServerHost": "localhost",
  "RestServerPort": "1111",
  "WriteAllOptionsFN": null,
  "IndirectLoadSave": true,
  "AccentColors": {},
  "Remarks": [
    "-arg",
    "\"17a\"",
    "\"final\"",
    "Festo-USB-stick-sample-admin-shell-rest.aasx",
    "test-aml-export2.aasx",
    "..\\..\\..\\..\\..\\Sample_AAS\\Example_AAS_ServoDCMotor.aasx",
    "..\\..\\..\\..\\..\\Sample_AAS\\Example_AAS_ForTesting_v07_with_reuse_submodel.aasx"
  ],
  "PluginDir": ".\\plugins"
}